Image,Id
c7f5c5a8.jpg,w_4981cba w_f10006a w_cf8b725 w_8861f65 w_cfddb15
ddef7e36.jpg,w_4981cba w_f10006a w_cf8b725 w_8861f65 w_cfddb15
6f1d27f6.jpg,w_4981cba w_f10006a w_8861f65 w_cf8b725 w_cfddb15
a623516c.jpg,w_4981cba w_f10006a w_cf8b725 w_cfddb15 w_8861f65
f5cd5864.jpg,w_4981cba w_f10006a w_cf8b725 w_8861f65 w_cfddb15
3e7f4f54.jpg,w_4981cba w_f10006a w_8861f65 w_cf8b725 w_cfddb15
31ed1330.jpg,w_4981cba w_f10006a w_8861f65 w_cf8b725 w_cfddb15
b8ccdcd8.jpg,w_4981cba w_f10006a w_cf8b725 w_8861f65 w_cfddb15
c3e1a0ef.jpg,w_4981cba w_f10006a w_8861f65 w_cf8b725 w_cfddb15
92a7842f.jpg,w_4981cba w_f10006a w_cf8b725 w_8861f65 w_cfddb15
040898fc.jpg,w_4981cba w_f10006a w_cf8b725 w_8861f65 w_cfddb15
883f3fbe.jpg,w_4981cba w_f10006a w_cf8b725 w_8861f65 w_cfddb15
f30f1a19.jpg,w_4981cba w_f10006a w_8861f65 w_cf8b725 w_cfddb15
2c183f20.jpg,w_4981cba w_f10006a w_cf8b725 w_8861f65 w_cfddb15
5ba4c08c.jpg,w_4981cba w_f10006a w_8861f65 w_cf8b725 w_cfddb15
ebbeb2db.jpg,w_4981cba w_f10006a w_cf8b725 w_8861f65 w_cfddb15
53579373.jpg,w_4981cba w_f10006a w_cf8b725 w_8861f65 w_cfddb15
c34c6d25.jpg,w_4981cba w_f10006a w_cf8b725 w_8861f65 w_cfddb15
d5d3808d.jpg,w_4981cba w_f10006a w_8861f65 w_cf8b725 w_cfddb15
2560347c.jpg,w_4981cba w_f10006a w_8861f65 w_cf8b725 w_cfddb15
1687ffe0.jpg,w_4981cba w_f10006a w_cf8b725 w_8861f65 w_cfddb15
f339a49f.jpg,w_4981cba w_f10006a w_cf8b725 w_cfddb15 w_8861f65
f552fb07.jpg,w_4981cba w_f10006a w_8861f65 w_cf8b725 w_cfddb15
9d33b18f.jpg,w_4981cba w_f10006a w_8861f65 w_cf8b725 w_cfddb15
3ae20220.jpg,w_4981cba w_f10006a w_cf8b725 w_8861f65 w_cfddb15
f3840c08.jpg,w_4981cba w_f10006a w_cf8b725 w_8861f65 w_cfddb15
3173ae78.jpg,w_4981cba w_f10006a w_cf8b725 w_8861f65 w_cfddb15
6a9511df.jpg,w_4981cba w_f10006a w_cf8b725 w_8861f65 w_cfddb15
7188469b.jpg,w_4981cba w_f10006a w_cf8b725 w_8861f65 w_cfddb15
893beb43.jpg,w_4981cba w_f10006a w_8861f65 w_cf8b725 w_cfddb15
1ff3ea5f.jpg,w_4981cba w_f10006a w_8861f65 w_cf8b725 w_cfddb15
